,Unnamed: 0.1,Unnamed: 0,Instance UUID,Tenant
0,0,0,676769aa-5075-4f93-a5c6-28b34c22adee,trilio-test-domain/trilio-test-project-2
1,1,1,d9308903-2f77-4358-8482-ea515e509d74,trilio-test-domain/trilio-test-project-2
2,2,2,5012b624-0122-6b09-16e1-50046777dc89,trilio-test-domain/trilio-test-project-2
3,3,3,50129b66-e1ec-bf99-cfa9-9654049d7ddb,trilio-test-domain/trilio-test-project-2
4,4,4,5012ed05-9d35-913d-c4ab-37fe3e1df8ed,trilio-test-domain/trilio-test-project-2
5,5,5,50122cab-d422-2c84-2b52-6eeb56862dcf,trilio-test-domain/trilio-test-project-2
6,6,6,529d3575-0f97-200d-85ee-25dcb03b8411,trilio-test-domain/trilio-test-project-1
7,7,7,5012bb08-bdef-8500-43bb-4c30a90d142b,trilio-test-domain/trilio-test-project-1
8,8,8,5012166b-2f94-f855-20f9-b23d71199a9a,Domain/Project
9,9,9,50121571-33c3-e3cf-6848-2b6a5e44219d,Domain/Project
10,10,10,50120ee7-b7e6-5781-4e8d-11ae8cdfc493,Domain/Project
11,11,11,501209a8-61eb-b0b2-cace-e7037fa8583c,Domain/Project
12,12,12,1d33cf21-2728-41b9-9f78-964dec80c352,Domain/Project
13,13,13,5012c99d-de51-ba6c-becc-3ebf26aea712,Domain/Project
14,14,14,50125075-97a5-9e95-75f4-21e8c90be092,Domain/Project
15,15,15,501206eb-4cf6-838b-5998-eea4b9c823de,Domain/Project
16,16,16,50126e4b-af79-b1a4-ba19-256af5b807eb,Domain/Project
17,17,17,50129107-3469-f757-c29e-734a26e991ad,Domain/Project
18,18,18,5012d824-431d-03c0-23ea-58b2ead249f3,Domain/Project
19,19,19,50124684-e501-e2c5-d949-887c4a10bb9b,Domain/Project
20,20,20,5012f754-be5c-b9f1-6de4-95a582ca6379,Domain/Project
21,21,21,50126de2-a731-2a19-d87c-91b67e27b9a9,Domain/Project
22,22,22,501273af-8c97-f2d7-107a-3d7ac341150b,Domain/Project
23,23,23,50120174-7d6b-d63b-e919-dab4d7a48c62,Domain/Project
24,24,24,501214b3-d4b3-4419-eec9-e274e1230e5a,Domain/Project
25,25,25,50124bff-eee8-a6dd-2572-8867b0b681f8,Domain/Project
26,26,26,50121b7a-30a4-ddb9-5863-89b6882f98f3,Domain/Project
27,27,27,5012ae42-77be-02ea-7157-e4c95599d1ca,Domain/Project
28,28,28,501283dc-8644-5eea-ab54-6c303b3683ee,Domain/Project
29,29,29,5012d63e-51ef-b256-0140-a327f4d27760,Domain/Project
30,30,30,50129585-4006-f053-17ef-1dcc02a74d95,Domain/Project
31,31,31,50123447-aa8f-45ee-330d-cc056061fd6c,Domain/Project
32,32,32,50127a30-13fa-383b-a567-a57fd7fb6180,Domain/Project
33,33,33,5012476d-e1cb-50a3-5a10-a86ac3a6cb57,Domain/Project
34,34,34,50127836-74cf-1bb4-6974-cb6418f6f726,Domain/Project
35,35,35,5012d5e2-531f-a11d-4a48-ed1e1db00486,Domain/Project
36,36,36,527ca8c4-4a70-3a29-cf5c-665515ea1e00,Domain/Project
37,37,37,5012736a-fa88-a5f9-d28e-633593c5a4f5,Domain/Project
38,38,38,50129456-464a-9f52-2c9d-7a2ecb381e24,Domain/Project
39,39,39,525774d2-d386-ac67-a2ae-623766320d6c,Domain/Project
40,40,40,5238129c-3ca6-79ce-5e15-8d9696118e4a,Domain/Project
41,41,41,50127bd3-4f0c-50df-1912-c72ea062846d,Domain/Project
42,42,42,5012a437-31db-754b-8554-eaa5e90441b7,Domain/Project
43,43,43,50120c0e-beed-ff55-97ef-9787d0008e32,Domain/Project
44,44,44,5012c74e-fcdf-bcbb-160b-7bde9a24c252,Domain/Project
45,45,45,52b722c0-a8b6-ca08-df69-21f9fdda6868,Domain/Project
46,46,46,52d359a1-b5c7-1f15-2cc6-033bc85b58d8,Domain/Project
47,47,47,50121110-7bcd-9ef4-ba2f-ea06adbf0fe7,Domain/Project
48,48,48,50125080-fea9-5a1e-d7f7-2bc1386e2013,Domain/Project
49,49,49,50124e4c-b570-f9fd-7ac7-5bc236397aba,Domain/Project
50,50,50,50125b73-42e1-30b2-904d-6749945887c6,Domain/Project
51,51,51,50127f25-8378-25b6-510d-8f4396d665b0,Domain/Project
52,52,52,2e45e28f-b363-41a5-8e17-05cd53b6e134,Domain/Project
53,53,53,893303a1-2035-44b3-ac18-0ee7c52308d9,Domain/Project
54,54,54,33f34544-8cd4-426b-a94f-2f9f2ed5416b,Domain/Project
55,55,55,5012d1a2-9ade-e496-3377-88456beac579,Domain/Project
56,56,56,5012f310-a6f7-1ac1-5f00-f8e604035829,Domain/Project
57,57,57,5012b9f8-6456-38db-32fe-a13b6743a15b,Domain/Project
58,58,58,5012511c-5082-a646-1fa1-f685512c3826,Domain/Project
59,59,59,50362abc-13b3-edc3-49bf-d1dc6a065ac5,Domain/Project
60,60,60,5012fcb7-b28f-3200-7189-0159e31e0fbc,Domain/Project
61,61,61,5012a4dd-b35b-9927-baf7-e757c6d495ec,Domain/Project
62,62,62,50124668-c3fa-67e2-554f-0b2ac634aa19,Domain/Project
63,63,63,501243f5-4d5e-8805-cb9c-8a933da3c7e1,Domain/Project
64,64,64,5012ae29-c83c-3c8e-f410-12a656d2f6e5,Domain/Project
65,65,65,5012935d-332b-16bf-1a83-7109b0d7bf11,Domain/Project
66,66,66,50121d75-f4b9-a680-da1c-e72bdaa0ff85,Domain/Project
67,67,67,523d45de-c58c-b620-5feb-49a067ccd9e0,Domain/Project
68,68,68,50128422-5b8c-c8aa-68d8-23bb2b6a6c86,Domain/Project
69,69,69,50124ead-1900-aec2-fd09-ea2b7c272ed6,Domain/Project
70,70,70,50126881-bfbe-14c4-80bb-d428b0236c10,Domain/Project
71,71,71,52add56e-4449-eb69-ab3f-454c3db05ab3,Domain/Project
72,72,72,5012fb3f-0ce0-df05-39ad-5b19a98347fa,Domain/Project
73,73,73,5012b4cc-d8a3-5107-6484-298802da9545,Domain/Project
74,74,74,5012f1f4-c0e4-857e-df1e-adfcd392b975,Domain/Project
75,75,75,5296ee79-9d04-6501-753d-c74fcfc92ad6,Domain/Project
76,76,76,502292dd-4243-6006-9dbf-29df03ec6f54,Domain/Project
77,77,77,52f1e001-e425-8df6-b60c-7504d8520316,Domain/Project
78,78,78,501279df-8021-be13-2313-719006102bd8,Domain/Project
79,79,79,50124a7a-e9a4-5f23-9b37-c3a2e97c197e,Domain/Project
80,80,80,50128925-f981-4374-f1f2-5461a28a701b,Domain/Project
81,81,81,5012d1fc-eb8a-b061-2c5c-39fd060dfee3,Domain/Project
82,82,82,5243a893-33a2-7a9c-099c-c3081517075c,Domain/Project
83,83,83,5012fd7d-6568-bc20-15c2-ab31e77f070a,Domain/Project
84,84,84,50122dac-88c4-a63a-7425-72a51774de8c,Domain/Project
85,85,85,5273eb04-3d34-48a6-d364-a32175335a53,Domain/Project
86,86,86,523cf573-2529-6fcf-0522-bc9d53b72ba6,Domain/Project
87,87,87,5012e1e4-2c3f-97cc-4b57-5274cb914691,Domain/Project
88,88,88,501231b3-e679-99dd-4cea-046c9d433d68,Domain/Project
89,89,89,5012ffd3-0e73-31fd-21b4-71f2168bcfcd,Domain/Project
90,90,90,5012d532-23b3-f9d5-25e9-4015902e7038,Domain/Project
91,91,91,5012879c-5439-551c-934c-17c59d398e9c,Domain/Project
92,92,92,5012506b-a90e-f849-e854-b2669029d6c9,Domain/Project
93,93,93,50121252-d12e-51d4-67ca-64894721e1e3,Domain/Project
94,94,94,50127c9c-2d90-ca84-639b-189a5a030866,Domain/Project
95,95,95,50121422-1d14-1478-76b4-a48337bff2c5,Domain/Project
96,96,96,5012e2c4-4c68-5702-5dcc-954381620bfe,Domain/Project
97,97,97,5012cddc-3e32-1034-454e-df579e3d7ea9,Domain/Project
98,98,98,50123681-8876-18c8-e8bb-812e772fe525,Domain/Project
99,99,99,52aa2e91-7844-7da2-f0c4-8548c877a4ee,Domain/Project
100,100,100,5012072b-faa1-2fc3-335d-a07ebc7baed3,Domain/Project
101,101,101,50121788-f22a-a030-cdfe-f4f5735702bd,Domain/Project
102,102,102,50124f8c-d3ec-4639-ff9b-be037d7b2f0c,Domain/Project
103,103,103,5012cdd3-541a-34e2-1e0d-6023896f68e9,Domain/Project
104,104,104,5012d751-f434-5245-43ba-40991c0f0ca6,Domain/Project
105,105,105,501242ff-4bc0-3698-b1c0-58866c2a5947,Domain/Project
106,106,106,5012611b-68a2-a99a-aec9-75a8b2f214f2,Domain/Project
107,107,107,5012a2c6-6d20-16a2-daa1-39cf2474d252,Domain/Project
108,108,108,50126299-0462-8f80-fdea-28a1ded03d39,Domain/Project
109,109,109,5012c576-f599-c4fb-98ef-020a953556a9,Domain/Project
110,110,110,5012a9be-fb53-d1fb-24e9-b58606652cea,Domain/Project
111,111,111,501267f5-6a3e-7094-3ac1-c880611dbfd3,Domain/Project
112,112,112,5012d02f-6516-ac11-02b1-77c6baa602d5,Domain/Project
113,113,113,5012ae5c-a372-fbd4-cb76-d38407971f2d,Domain/Project
114,114,114,5012d17d-e958-005e-88ef-16720630168f,Domain/Project
115,115,115,50124377-db8c-4c78-9970-8ec7cdcd2e9d,Domain/Project
116,116,116,50123ef8-16c1-f5d9-315f-983dacabcd73,Domain/Project
117,117,117,5012387f-01d8-3d37-964d-21168defcf88,Domain/Project
118,118,118,5012b79b-49cb-15b5-49ad-c0f821037baf,Domain/Project
119,119,119,50127442-9281-8ec4-109a-504db11c5e4a,Domain/Project
120,120,120,5012765b-7e97-1ab1-bce3-0cb5fb10894b,Domain/Project
121,121,121,50124b33-7eb2-2b79-bc83-28182954071b,Domain/Project
122,122,122,5012f631-ae81-84f8-4f66-878508214b70,Domain/Project
123,123,123,5012cfb9-b12a-2421-ac55-2975fd475d4b,Domain/Project
124,124,124,50123869-1cd0-3276-0b22-05c601e4933b,Domain/Project
125,125,125,5288c47c-b7a9-f058-1d0e-dd8b0df9301b,Domain/Project
126,126,126,501269db-1e74-6775-81f2-ec32b15b6008,Domain/Project
127,127,127,50123593-95de-9ac6-ad61-0e3bab802bcd,Domain/Project
128,128,128,501268f8-e035-8a69-368d-83544c064482,Domain/Project
129,129,129,501245b4-b156-cb3b-6348-8f5f0e79a07c,Domain/Project
130,130,130,5012ba68-ffb0-b442-34e5-16587f545377,Domain/Project
131,131,131,5012dc81-5f6e-4cdc-e525-49fa6d3423ab,Domain/Project
132,132,132,52f6d9cd-712c-5845-2bdd-f5c82e8025f8,Domain/Project
133,133,133,5012877c-dddd-3a3c-1f79-8b48ce9bdb10,Domain/Project
134,134,134,5012930c-c3f8-8337-7031-bec92fe6104f,Domain/Project
135,135,135,50125500-2b7f-92d5-fa0b-39bcac9f492b,Domain/Project
136,136,136,5012c216-6aa6-05a5-6e2a-7997bbc1e0aa,Domain/Project
137,137,137,501255f5-7abc-9ede-c3c7-94b3b6695ed8,Domain/Project
138,138,138,52fe1a04-3695-e18e-4d6e-0ce87dae28ef,Domain/Project
139,139,139,501202cf-b046-43da-9f22-d3fb5900cbcc,Domain/Project
140,140,140,527b7f51-5e90-496f-f099-e01ee0a3fdf4,Domain/Project
141,141,141,52cca0b8-7eaa-f454-deca-6d604aaaa3be,Domain/Project
142,142,142,5012cec4-be4f-59bb-821e-4321a6d8dfd1,Domain/Project
143,143,143,50124996-541d-12d6-0032-17138dbdb4e6,Domain/Project
144,144,144,50122e37-573d-9b70-7cbc-ed9c790dc6bd,Domain/Project
145,145,145,50125976-3f2e-88aa-4ede-72735d2af1f4,Domain/Project
146,146,146,5012917b-bcd7-35e8-d6d6-fc14af91910a,Domain/Project
147,147,147,50123630-8459-66ef-d235-838b9ccc9af5,Domain/Project
148,148,148,5012464d-cdd9-9f14-85ca-0f7a440cc9fb,Domain/Project
149,149,149,50125e01-d68b-345b-79bd-f175cb8f6ba4,Domain/Project
150,150,150,5012e5e1-ace3-8a90-2902-651fb7b1cd03,Domain/Project
151,151,151,52318e2f-d5ab-253d-3c94-6e40c4ce0657,Domain/Project
152,152,152,528a0cac-c1b9-32a5-9286-7cc759fd0487,Domain/Project
153,153,153,5240a8e1-2c51-baf1-407b-f415eca2198c,Domain/Project
154,154,154,5012d0a8-0554-31bc-b611-af5a6ef46292,Domain/Project
155,155,155,50121ebe-a261-e6c6-b016-a123d916da08,Domain/Project
156,156,156,5012ff74-77af-0577-8c2d-c679009557d3,Domain/Project
157,157,157,5012b787-2c25-e871-4e69-60cedd90886a,Domain/Project
158,158,158,501252ef-1411-2578-49d5-7265e876d10a,Domain/Project
159,159,159,50129e2c-237a-d976-9781-0c6b3d08ce22,Domain/Project
160,160,160,5012616a-e882-3661-e662-2cadb8481e46,Domain/Project
161,161,161,5297ffb9-84e0-ee8d-fbf7-bebe7333655c,Domain/Project
162,162,162,50128d7a-a8e1-349e-2516-d6b9c25b5f5e,Domain/Project
163,163,163,50120315-8f55-6628-43ed-334960b755f1,Domain/Project
164,164,164,50129de1-59fe-65ab-0739-df59678b4d2d,Domain/Project
165,165,165,5012a2f4-d1f4-4f05-b075-ccce11691f20,Domain/Project
166,166,166,5012ef6f-c3bd-c0af-3aee-f9f55696d3f1,Domain/Project
167,167,167,5012e21f-6f93-d19b-8274-1ae5a80bb5dd,Domain/Project
168,168,168,52a500f4-4a34-dfbe-9451-a1d4dc63e816,Domain/Project
169,169,169,501279a5-2600-61b4-d171-b964806272f0,Domain/Project
170,170,170,523173db-62e3-e86c-cc3c-845dbc52b7d8,Domain/Project
171,171,171,50124545-518e-47df-9f7c-d97873f24260,Domain/Project
172,172,172,50129140-e875-0a07-b31d-25c85121cd81,Domain/Project
173,173,173,5012b246-3fef-f5a2-bef8-3bbc3ccf3daa,Domain/Project
174,174,174,529afae2-c2e8-3b24-cf00-5befaf06832d,Domain/Project
175,175,175,5012fbf2-aac2-9ab6-bdc2-e11a1142a0b4,Domain/Project
176,176,176,501280e1-2235-8611-e014-e6a068f9cf36,Domain/Project
177,177,177,50126ac1-47c2-0e83-f244-522e628785c5,Domain/Project
178,178,178,50126333-f2ab-43e7-ce4f-76dab175df15,Domain/Project
179,179,179,5012cc63-632e-925d-deef-c14eb3ac5f79,Domain/Project
180,180,180,5012babf-de84-ea32-05f1-d9b0ae0adf1b,Domain/Project
181,181,181,528917e6-4249-51cc-ca46-a37598937e06,Domain/Project
182,182,182,501291cc-82c3-fc95-012a-19c3440f84f3,Domain/Project
183,183,183,50121327-a98f-9ad6-4873-56bce3de1338,Domain/Project
184,184,184,5234d57f-2a3a-1b53-7904-9f6ff047fa16,Domain/Project
185,185,185,523ff6e8-9617-9054-5c0d-73a8d3b65024,Domain/Project
186,186,186,5012ad4c-6892-119a-efbc-48c3fd89cfd6,Domain/Project
187,187,187,52136823-7cb2-dab9-2cde-9e2a2e1ad058,Domain/Project
188,188,188,5012a9c8-f700-fc11-f749-29107dce40a8,Domain/Project
189,189,189,50122cc8-8aa2-5f90-a2e7-5f0fb46c1b93,Domain/Project
190,190,190,50127136-01d3-5cc7-dbc1-250e24fec1ea,Domain/Project
191,191,191,5012cbde-8a76-4ff4-08c5-746320e0c772,Domain/Project
192,192,192,50123caf-949a-afab-46c0-1dafeb66c2b9,Domain/Project
193,193,193,52060cbc-fcc3-e74a-06c0-a58f20ea872a,Domain/Project
194,194,194,5012c10e-eb5d-b350-f8c1-04b1929a44c1,Domain/Project
195,195,195,50124d41-259a-5641-3448-6a32a11dbc12,Domain/Project
196,196,196,525ed459-e8c6-11b5-20ea-680ea1d1b1be,Domain/Project
197,197,197,52840d9a-700b-9632-da1f-aa6ef8611695,Domain/Project
198,198,198,5012a88a-a842-df09-2144-b77e1a7efdf6,Domain/Project
199,199,199,5259452a-af9f-bbf9-810f-274c69e7b1d7,Domain/Project
200,200,200,5228ba12-a229-b558-b2d8-3a35b2e74385,Domain/Project
201,201,201,50128883-0fea-c167-ba93-35a3f57858b1,Domain/Project
202,202,202,501272e2-1bed-2b79-42a0-b9508a5be0f9,Domain/Project
203,203,203,50127b66-8db6-bc6d-3578-73eac53fb6f5,Domain/Project
204,204,204,50120230-5cab-6d9e-557e-7a7e790c9c6a,Domain/Project
205,205,205,5012ab34-c619-1017-7b4e-8ba39739ff2b,Domain/Project
206,206,206,52628937-ae2b-cae2-5fb6-856354ad9f7f,Domain/Project
207,207,207,5226f2e8-f97a-34bd-e9c3-0eb15e7cdb9f,Domain/Project
208,208,208,5012f234-deb9-7cf8-2922-df199ab96e84,Domain/Project
209,209,209,50124e8d-e19a-2a6b-c07b-60b67fc90380,Domain/Project
210,210,210,5012f247-8a41-7571-df8f-591e81588c19,Domain/Project
211,211,211,52521908-b45d-54e6-d528-20414fdeac37,Domain/Project
212,212,212,52fcb8cd-eb81-33f0-d91f-c9585b954393,Domain/Project
213,213,213,529471e2-5b76-e721-493b-edd39d444de0,Domain/Project
214,214,214,525bc20b-4bac-1c08-915e-c137adb479a8,Domain/Project
215,215,215,5012d506-9586-473e-d9ba-8c0d46eec126,Domain/Project
216,216,216,5225fad5-42a0-9124-9bf3-b095a7cfa335,Domain/Project
217,217,217,5012cf68-ddf9-7e89-dfb9-f1b438b8fe16,Domain/Project
218,218,218,50129f15-0e6b-a912-9d58-ce2bdd516d69,Domain/Project
219,219,219,52e46ffe-2278-7f91-f0cf-980dc5d2fc72,Domain/Project
220,220,220,520d00e1-9df8-3667-a3f7-4a02c4578c8f,Domain/Project
221,221,221,521ffdfb-8145-84b7-a58e-4d54d3487538,Domain/Project
222,222,222,52d0f060-119e-7289-a7ac-ff8e4161ef89,Domain/Project
223,223,223,52a071eb-d72c-0961-eab6-ba6e6fe92050,Domain/Project
224,224,224,5012f6aa-b677-c481-6037-39740f2e4724,Domain/Project
225,225,225,52a529ef-cb5d-d0d4-7aca-72df1b94b0a4,Domain/Project
226,226,226,52c468e2-ce15-ce2c-bd66-4af39d43c3a9,Domain/Project
227,227,227,52805420-9a81-feef-11cc-22a2e4f9c0af,Domain/Project
228,228,228,501277f8-568b-392e-9bce-d768845cf22e,Domain/Project
229,229,229,50123238-c88c-91ef-390e-6fdb512b8e48,Domain/Project
230,230,230,50220587-cb23-a7f7-d3e8-425634a65016,Domain/Project
231,231,231,5012ef00-586e-1979-1987-6bf9fffa95fb,Domain/Project
232,232,232,52a4923f-755c-13f4-9e7e-eb7dfb99b277,Domain/Project
233,233,233,503662d6-fa14-570c-a7c6-eb6ee2fc818f,Domain/Project
234,234,234,5012fc25-f0b8-1c65-4394-17aae3ce47cf,Domain/Project
235,235,235,5012e133-4c13-d09f-ba1f-3e161879aab4,Domain/Project
236,236,236,50127548-d8aa-532c-49b9-af84cc991a58,Domain/Project
237,237,237,5012dffc-c9e8-8c1f-5134-ae5298ac6dfe,Domain/Project
238,238,238,50122fb8-89ea-de66-e567-6e5901fee30e,Domain/Project
239,239,239,50120312-36a2-8e54-80e8-41c950b306c0,Domain/Project
240,240,240,501247d6-2106-945c-8091-31ea0000f3f3,Domain/Project
241,241,241,50126ee7-57a7-ed20-4caa-9e22a4ad3262,Domain/Project
242,242,242,5012d391-ac9e-466d-81ef-1e1e40593513,Domain/Project
243,243,243,50128307-e800-17e7-c219-c0aa9e0bbb2d,Domain/Project
244,244,244,50127632-580e-e72d-1343-6d3f54e131b6,Domain/Project
245,245,245,50122fbf-9f93-4332-18c1-62e72b533584,Domain/Project
246,246,246,5012d330-4f83-e77d-a088-722e59a13130,Domain/Project
247,247,247,5012f033-78b8-9e49-f16c-fd128d89d73c,Domain/Project
248,248,248,5012fe49-0d3e-72c0-3879-e79eba26510b,Domain/Project
249,249,249,5012e43d-79ac-96d6-620f-b11714e9de30,Domain/Project
250,250,250,5012b3af-30d9-dc02-8303-fee71f44f8e5,Domain/Project
251,251,251,501228cb-3da0-5575-674f-c587f9bc84e5,Domain/Project
252,252,252,5012eca7-fd6f-9e4c-dc11-f449fab6618e,Domain/Project
253,253,253,5012bb75-7212-0de6-abf3-3c655e03e8e4,Domain/Project
254,254,254,50121070-f800-9259-44c6-94cb0f6f3922,Domain/Project
255,255,255,5012e562-aab3-193e-2a87-3babb7220c97,Domain/Project
256,256,256,50120770-75b9-8e4f-2cfe-2b1735fdfd4f,Domain/Project
257,257,257,5012b264-6163-72cc-1865-7af7fe9ddd88,Domain/Project
258,258,258,5012cd7d-23b0-72f8-f455-4d8ccf1264c4,Domain/Project
259,259,259,50127783-05e8-3f18-e2d3-4f17db05f40c,Domain/Project
260,260,260,50128267-989f-2bf4-2a98-7f99b026db71,Domain/Project
261,261,261,5012e829-5c68-6774-d751-7762dc76e3aa,Domain/Project
262,262,262,50124462-7083-74a0-6b9f-f9d63f5e9569,Domain/Project
263,263,263,50125fb6-cf08-de8d-0214-8f4790acb57b,Domain/Project
264,264,264,5012809b-cd75-5a87-22bf-a4f0b4d6ee20,Domain/Project
265,265,265,5012accd-d375-abfc-8503-5cb0607b7fb2,Domain/Project
266,266,266,5012dc1e-2896-9cac-64d4-16ec4cc47547,Domain/Project
267,267,267,50126065-b197-4021-8c36-b48dc8b37767,Domain/Project
268,268,268,50124cb9-e1a6-5123-c3c3-5a2257d85f2b,Domain/Project
269,269,269,5012429c-b775-4ce5-8995-5ea736fa5de7,Domain/Project
270,270,270,50126bc2-171f-a8ca-9ac0-9318c44ea9d3,Domain/Project
271,271,271,5012651e-02eb-1488-5d7d-bba9efa6ae15,Domain/Project
272,272,272,501226fe-d58b-7d8f-a2ae-75b6efcbfd16,Domain/Project
273,273,273,5012ee46-0796-61c7-c73e-1d9fd7e753d7,Domain/Project
274,274,274,50129e10-e709-3194-8b0f-7a3862678b3e,Domain/Project
275,275,275,5012b711-d1af-9eda-381b-b6e1d0478fc1,Domain/Project
276,276,276,50120b29-d578-7b98-cfb4-fdb5fa0a72bf,Domain/Project
277,277,277,501211df-8795-45d6-d316-124bda56a781,Domain/Project
278,278,278,5012ed27-c5db-df8f-2932-c6773485ba1b,Domain/Project
279,279,279,5012549e-679c-42e1-239b-26b933258be6,Domain/Project
280,280,280,50122279-e9f6-5bc2-ccf9-1a0ce8bb5b56,Domain/Project
281,281,281,50120231-3522-d00a-ecee-3c0d68b1004f,Domain/Project
282,282,282,5012dd58-5d77-01f9-c827-d2e4836f6d64,Domain/Project
283,283,283,5207ea45-7289-199a-83a5-15720a104e00,Domain/Project
284,284,284,5012e102-0796-d169-129f-eb3b0c9611ff,Domain/Project
285,285,285,501233e4-4590-12e9-34ac-6b7ad4180cec,Domain/Project
286,286,286,5012c1ab-36c0-2669-8198-fbdae08b9211,Domain/Project
287,287,287,50122e70-93d8-f76f-e402-0424bd1a3466,Domain/Project
288,288,288,501219ca-747d-7ad3-b327-cbddabc9af00,Domain/Project
289,289,289,5012abaf-e258-018c-696d-44b9751a42cd,Domain/Project
290,290,290,5012d410-b1d9-a358-877c-f9d2738141da,Domain/Project
291,291,291,5012d8f2-551c-41c3-504f-aa2a90bef648,Domain/Project
292,292,292,5012d2d9-ab3b-6745-82d8-79e7f1d9794d,Domain/Project
293,293,293,5012b501-4604-938c-9066-1e0c373bb2fd,Domain/Project
294,294,294,50120ef2-8c54-7928-7f4b-4e3f5d5cca3d,Domain/Project
295,295,295,50127b23-1f0c-587e-b623-6d749dcacc52,Domain/Project
296,296,296,501220b4-0f03-a25d-bcd7-136d78681157,Domain/Project
297,297,297,527b256f-6111-8db5-9c04-b0994475faca,Domain/Project
298,298,298,50122843-3812-8d62-97a3-fe4d4b1a7eb9,Domain/Project
299,299,299,50122b1e-da43-5be7-88b7-338aaf281deb,Domain/Project
300,300,300,50125450-b572-109d-f6c4-f81aeaf2bb79,Domain/Project
301,301,301,52ea77be-d6da-a430-7155-38fa94a1652d,Domain/Project
302,302,302,501229cd-3e1b-909b-f70f-e3ab9fc06481,Domain/Project
303,303,303,50127418-82bc-7ad2-b589-9a7e195210cd,Domain/Project
304,304,304,50120ed0-31dd-9f6a-0c03-93061f39797b,Domain/Project
305,305,305,5012fde5-cff3-8484-0541-b5ba2592d811,Domain/Project
306,306,306,5012b7bd-24cd-f2d6-6ae0-ea3279a4e5af,Domain/Project
307,307,307,50367f5d-a4a9-2e8d-498f-ee584466b508,Domain/Project
308,308,308,50122073-fed8-44a7-b75a-a73a036c79d2,Domain/Project
309,309,309,5012ba1a-48f4-3915-5b22-b5ca55328090,Domain/Project
310,310,310,5012a740-9bcc-1b54-727f-3a4ea0105702,Domain/Project
311,311,311,50121c6a-a480-6987-76e2-8368ed9a057a,Domain/Project
312,312,312,501248f5-5b1d-1b53-6705-5535930da2eb,Domain/Project
313,313,313,52f10c58-c125-a170-f5e4-a0bf87a662d8,Domain/Project
314,314,314,52612b63-46e8-1cb8-f209-3141e4521763,Domain/Project
315,315,315,5229b176-6753-7bda-0ea3-889a9e735913,Domain/Project
316,316,316,5219dff4-5f88-5779-4917-8c72b3cc875b,Domain/Project
317,317,317,52b14bdc-d610-623b-1057-7df75a16a191,Domain/Project
318,318,318,50129974-edb5-ab7c-bd9b-e87bd7e02214,Domain/Project
319,319,319,5284285b-b7b2-edea-fc2f-3209810541ef,Domain/Project
320,320,320,521cdf5a-2b73-f0e0-bbbf-b7fc7d57e868,Domain/Project
321,321,321,5012c323-bedb-faa6-1c4f-637b16771d4f,Domain/Project
322,322,322,501213db-cd36-3ae4-13d5-0e3708b8c822,Domain/Project
323,323,323,501265b0-4510-6655-83a8-35daca6431d3,Domain/Project
324,324,324,5012536b-ff76-5011-2044-6c89fcf014bc,Domain/Project
325,325,325,5211d64d-1503-a928-0096-c38f468fd56b,Domain/Project
326,326,326,501294c8-0b31-d552-d6df-039298dc9279,Domain/Project
327,327,327,52ccbd76-fba7-86e8-1fe3-494e51310eb9,Domain/Project
328,328,328,50129479-4da2-17d2-0692-ae65ede42900,Domain/Project
329,329,329,52fd0dda-646b-831b-acc6-eb82686896ec,Domain/Project
330,330,330,524a2e90-0cbc-6915-c455-3e9c29d0e534,Domain/Project
331,331,331,50369d8f-8999-1794-387c-101f24f80c6c,Domain/Project
332,332,332,5036ddda-17f7-079e-c6bf-9d9cd88e8c61,Domain/Project
333,333,333,522097eb-b5fa-cf4b-43cb-4057198a5e35,Domain/Project
334,334,334,52176d13-b780-694d-66c7-68959bdc848f,Domain/Project
335,335,335,50123917-94b6-b0bd-d9d0-73986d922e63,Domain/Project
336,336,336,52e5d52d-252e-9d6f-a75e-9d335efceb28,Domain/Project
337,337,337,521ca276-b69b-ec29-60f3-503dfdf6a963,Domain/Project
338,338,338,52b88cd4-76d3-e694-6eee-6cab541388dd,Domain/Project
339,339,339,50122f8b-96fa-8de1-8101-f2ac8e1b58a7,Domain/Project
340,340,340,5247aefa-0e35-346e-0d69-174e8e9b5600,Domain/Project
341,341,341,50126c0c-fe9a-0f23-286d-2a022c817590,Domain/Project
342,342,342,525bf99b-3df7-3cdc-b4d7-5e6c26e5423c,Domain/Project
343,343,343,525e9fa3-0409-9731-49ae-83442d0a3fbb,Domain/Project
344,344,344,52686439-c40f-6877-7af1-f56390759a82,Domain/Project
345,345,345,5012f6ad-1086-92b9-af07-824c6a850b6a,Domain/Project
346,346,346,5214a5d5-0a2e-ad49-9a85-7ec030c60545,Domain/Project
347,347,347,525fc1e1-a80e-4552-8a8f-07f6f9f37e78,Domain/Project
348,348,348,52b8f160-fda2-33aa-d016-edcbf1f3713a,Domain/Project
349,349,349,52aeb064-6b5b-1cde-de7e-1ec6a8889ef9,Domain/Project
350,350,350,50364148-9648-e545-b53d-c0c86d78f09c,Domain/Project
351,351,351,527d453a-5b96-b745-f2ca-9e534f5111f3,Domain/Project
352,352,352,52db6b3d-c6b1-ab75-9e29-28cc5c6a9686,Domain/Project
353,353,353,52a97bf0-c4b7-df32-ef83-7755e8a5d577,Domain/Project
354,354,354,52da5ef5-dc77-686a-7fa4-f3f2feb923f2,Domain/Project
355,355,355,52a2061f-a6ed-a6d2-0990-a55d35f805d8,Domain/Project
356,356,356,501279c9-e749-0693-2e6a-f45fc7c07eb7,Domain/Project
357,357,357,5292e7e8-c538-7930-1e5d-d4112471b911,Domain/Project
358,358,358,5274528b-32c2-0ad3-28b8-72aaadf92cbc,Domain/Project
359,359,359,5012b53a-b794-e6a2-1f48-1d840a7442c5,Domain/Project
360,360,360,52c4c12a-2ed0-e4c4-7a4e-7a81e74d3959,Domain/Project
361,361,361,50129a8b-0829-7c22-43df-339a81bfc2a4,Domain/Project
362,362,362,50124d1a-1ecf-dad1-c5fc-4162e48441b8,Domain/Project
363,363,363,50123624-77e6-e5c2-9534-78bad40f691f,Domain/Project
364,364,364,5231464a-5849-d99c-5646-81f9cfd779c3,Domain/Project
365,365,365,5273869b-ae86-a29e-acb2-03e435ab491c,Domain/Project
366,366,366,50123128-2370-7602-e7a3-ef7f5423ec89,Domain/Project
367,367,367,52d47d6f-aca0-3760-96a1-93620712b5c6,Domain/Project
368,368,368,52c294df-56aa-8592-cdf0-7bb3b60a3189,Domain/Project
369,369,369,50221c85-820f-0027-61da-7dd30bed5984,Domain/Project
370,370,370,52b19d8b-d325-9d9b-f341-97fe87821c7e,Domain/Project
371,371,371,50126c5d-f50b-b43c-98c8-7a34d8105658,Domain/Project
372,372,372,52b04aa1-4433-730d-ae51-aa80afa94da6,Domain/Project
373,373,373,524e0648-fd7a-abf0-3dbf-4ab6fd92e36d,Domain/Project
374,374,374,5234c9ea-3745-5f2e-98e5-7d3f78c626b3,Domain/Project
375,375,375,50229f2a-8bb9-9529-dd9d-5421953508bf,Domain/Project
376,376,376,501222ad-67ca-1c1f-f6ef-84ba81c59f3f,Domain/Project
377,377,377,50125af7-6a20-eef6-e8d5-1cd467bfebb1,Domain/Project
378,378,378,50121b49-4de2-0fff-0386-9d704ec8b1f6,Domain/Project
379,379,379,50120657-ab65-1c86-c4b9-5719e81e5739,Domain/Project
380,380,380,501289bf-b892-17d5-3e51-8b7f38b57f76,Domain/Project
381,381,381,5227b123-69b1-2cfa-4b67-233c809e44c6,Domain/Project
382,382,382,50123153-0c20-bfd9-26d1-bb8fa3aa1589,Domain/Project
383,383,383,502264cd-d605-cb17-c671-922487492e6d,Domain/Project
384,384,384,5233a22e-e007-a00e-d612-ce1eb26eda35,Domain/Project
385,385,385,522c2d9c-a95c-463d-e14f-ddcbcbd08b6b,Domain/Project
386,386,386,5204b2dd-48ba-17f4-bcf9-3fced75afa5e,Domain/Project
387,387,387,50126d4c-7018-990f-1d2f-c2cf344388de,Domain/Project
388,388,388,50128e8b-cb19-acd2-cf37-719be1f0c488,Domain/Project
389,389,389,5012ed6e-84bf-89a7-1768-11c0a1d1d8a5,Domain/Project
390,390,390,5022f110-cfa5-1431-618d-f662f7461b8b,Domain/Project
391,391,391,52d19269-4d9b-8cd4-1b1d-81e2b89dc249,Domain/Project
392,392,392,522771c3-b14f-ea80-ebbd-e1865ea21d4b,Domain/Project
393,393,393,501296ed-a347-55c1-c792-120c2235f467,Domain/Project
394,394,394,52f5b575-58e9-b61a-4fbb-64b10a963836,Domain/Project
395,395,395,5012cab1-ba37-e6eb-a2e9-4147a2aba413,Domain/Project
396,396,396,50120014-df54-429e-085b-135ee6ef456e,Domain/Project
397,397,397,52a8941d-cedd-20a5-fc9b-fbda9b563602,Domain/Project
398,398,398,5012502d-ecc1-b173-6beb-51fa5fbcd595,Domain/Project
399,399,399,5012fe61-8565-93da-b047-bf643973f064,Domain/Project
400,400,400,520419ad-097f-fc47-02a0-e1e718edb080,Domain/Project
401,401,401,5012bb7b-ba95-c628-b76f-ac192a8e025a,Domain/Project
402,402,402,5012f7b2-9d14-5704-00b1-57f411e86ba8,Domain/Project
403,403,403,501232bc-f6d4-95ff-f198-76af97dc3e19,Domain/Project
404,404,404,52f088e1-f386-d64b-8e39-6859b1c054dc,Domain/Project
405,405,405,50229459-3a1f-e48b-2e19-ff504bff8273,Domain/Project
406,406,406,30077321-72b6-42fb-ba24-093b11c5eb33,Domain/Project
407,407,407,9688eb9c-3204-49c9-8af8-c8947c028f90,Domain/Project
408,408,408,50123cc7-414a-aace-4267-41795277ab15,Domain/Project
409,409,409,501242eb-92bf-d1d8-84b9-f34372694749,Domain/Project
410,410,410,5012f35d-4db5-6066-697f-d99f3b026bf1,Domain/Project
411,411,411,50126048-34a8-c139-2e97-160dba857961,Domain/Project
412,412,412,5012a5b3-a29e-02c2-d15f-54b7115a78d9,Domain/Project
413,413,413,50125c12-91e1-19f1-f1a8-d717f472cd72,Domain/Project
414,414,414,5012e177-f247-5261-100c-30d78461d62d,Domain/Project
415,415,415,50127a3d-c0ff-703d-374a-ea031e60b5c6,Domain/Project
416,416,416,50121006-4508-3974-ab15-e36f39de4bb1,Domain/Project
417,417,417,de48030f-dec5-494d-9005-2a5858d7131c,Domain/Project
418,418,418,5012292f-ac79-1686-b3d7-758c66839c98,Domain/Project
419,419,419,50120548-ba58-17f9-482d-58f35d0d742e,Domain/Project
420,420,420,501221aa-1a94-16eb-2b32-5a9dcb77be7e,Domain/Project
421,421,421,6dc3209b-c9c1-4e37-a656-1ec462eed162,Domain/Project
422,422,422,5012b43d-66d3-d3b9-f958-d73a44382f84,Domain/Project
423,423,423,657af25f-2441-4144-873d-1ac9128d84db,Domain/Project
424,424,424,50122735-2110-19c2-a472-02274b427bcc,Domain/Project
425,425,425,5012a7b4-22f1-b835-38b5-8828462f68d4,Domain/Project
426,426,426,50126c90-6d2a-e4ac-0420-d69977b50a61,Domain/Project
427,427,427,50122c86-9774-495e-e689-6bdf7e3e68e7,Domain/Project
428,428,428,80e54bd6-ba1d-44b1-a4da-2091e4edab8d,Domain/Project
429,429,429,178ed85f-3855-4124-a8c1-474736a5da20,Domain/Project
430,430,430,50125656-98e5-1031-145d-85b9ef9d48f0,Domain/Project
431,431,431,50128f48-74fd-035a-0ef5-ffb39fcfcb70,Domain/Project
432,432,432,50127ba6-c341-e24e-532c-fe6f7f9458e8,Domain/Project
433,433,433,50120c9a-357d-cb82-8a58-a0cf1f7bab7d,Domain/Project
434,434,434,5012d39f-4127-4c2f-563c-0032365edde5,Domain/Project
435,435,435,50120e41-5349-340e-3e8b-aea26ab666a8,Domain/Project
436,436,436,28713836-ccdb-4d35-a62f-b8c876b2478c,Domain/Project
437,437,437,9d8f5418-7cdf-46c1-b387-93f6908af527,Domain/Project
438,438,438,db6626de-a944-4c8d-a9ed-a33f2d46a868,Domain/Project
439,439,439,5012cd0d-39cd-9e1a-06ff-9f419f2f8d92,Domain/Project
440,440,440,50125c60-3e98-e50c-7cd1-b603ecedb4f4,Domain/Project
441,441,441,5012eb8c-b023-1508-2daf-8d789da7cdbd,Domain/Project
442,442,442,5012cc88-9077-f3ef-8767-6f9966099cb9,Domain/Project
443,443,443,501229ca-4892-5bc6-f01c-a78eea663836,Domain/Project
444,444,444,50121bd8-fde3-24ae-0126-e4e7df1408f4,Domain/Project
445,445,445,50120289-3242-022a-361b-ce9d397d71ac,Domain/Project
446,446,446,50126b1d-3432-3d92-3e82-cf60f4ba1c8c,Domain/Project
447,447,447,501222f6-c3e0-05b1-e97e-bd4b06375ab2,Domain/Project
448,448,448,5012f326-b6d2-5def-9ac7-72f54b97ac7e,Domain/Project
449,449,449,501291b7-4e55-a0ee-4320-ae7a9326f9b8,Domain/Project
450,450,450,5017fc0a-7b02-431f-eeaa-a702b58cbf27,Domain/Project
451,451,451,50124c56-1950-6092-6a21-2e218a273d9b,Domain/Project
452,452,452,50129ac4-973c-7a31-3788-68334c0c3201,Domain/Project
453,453,453,5017cb06-f0f1-c707-543f-802210387811,Domain/Project
454,454,454,501752c8-ceb7-c120-0ca1-25551b96e6e0,Domain/Project
455,455,455,50173110-8b5f-d36b-e46b-f2c12c8c6d61,Domain/Project
456,456,456,50173415-f281-7c75-8d7c-865507b8721b,Domain/Project
457,457,457,501261b2-5e5f-4782-cfa7-19554f577b29,Domain/Project
458,458,458,5012f5b2-8452-703c-62c6-65b21800300c,Domain/Project
459,459,459,50129c08-2fab-a383-be33-55dce329870e,Domain/Project
460,460,460,5012c811-01e0-dbbb-414c-7f1de5cc1fd6,Domain/Project
461,461,461,5012c4a1-7398-8468-2e21-21b6da89b591,Domain/Project
462,462,462,501208a9-3aa9-2650-f8ca-41e4d7d40f4d,Domain/Project
463,463,463,5012b5da-9fbb-a210-32e9-a919035852e1,Domain/Project
464,464,464,501240f2-e19a-4a0c-9eb7-06beb44aec5d,Domain/Project
465,465,465,5012b105-30f7-e338-fac3-e2fe6a983e29,Domain/Project
466,466,466,50129b02-701b-f71a-e0ab-6c7b2d737c7a,Domain/Project
467,467,467,501228aa-30e7-2921-bb28-434aff6f5dfa,Domain/Project
468,468,468,50128318-984d-b8a9-e032-ee5f4d3b537d,Domain/Project
469,469,469,5012079a-a200-81ae-428b-0ba1a5c09f30,Domain/Project
470,470,470,501220b4-37a5-a2d2-bda7-6cb06c4e99ac,Domain/Project
471,471,471,5012b934-cd83-b88a-c1ab-3ff30b0453b0,Domain/Project
472,472,472,,Domain/Project
473,473,473,50129796-4d3f-e455-1cd5-041222f310db,Domain/Project
474,474,474,5017b4a1-9bcf-4969-4660-0591fdde9912,Domain/Project
475,475,475,5012fb8f-ee2f-1c3b-21f4-cf33a4f53bfe,Domain/Project
476,476,476,50126502-92bb-6174-1f27-2f4cfd6d5356,Domain/Project
477,477,477,50121168-f889-cae8-bf48-86f7b6c512ac,Domain/Project
478,478,478,50123d14-0969-a0da-8d74-26009ffac09c,Domain/Project
479,479,479,5012495d-a157-220b-de93-e4af97f11327,Domain/Project
480,480,480,5012845a-138c-ddc4-bbee-22667fc9e80d,Domain/Project
481,481,481,50127c0e-6120-db81-c9fd-66e1934e2d87,Domain/Project
482,482,482,5012d9f7-d717-7386-0a45-cf71773eda7a,Domain/Project
483,483,483,50127462-b11f-7731-abb4-bf9926017117,Domain/Project
484,484,484,5012e99a-dca5-1f7c-2f5f-c967cac8dbd3,Domain/Project
485,485,485,501283cf-c2e4-4fe6-3f98-1124076b9d4b,Domain/Project
486,486,486,50121ac4-5e83-4b3c-6cfe-c216dd8d5b01,Domain/Project
487,487,487,50128f19-1f63-682d-5577-4e2944fec268,Domain/Project
488,488,488,50122692-98d5-88a3-f495-ceb1fb70dc5f,Domain/Project
489,489,489,501265ba-24f0-ec55-2653-f0446a849a63,Domain/Project
490,490,490,501203aa-ce8a-9ebd-7397-f4db7645d14e,Domain/Project
491,491,491,b98d3f4a-0aa6-4fdd-bc16-e4f4186274a4,Domain/Project
492,492,492,622abc40-d527-4e27-9129-3b82d357d224,Domain/Project
493,493,493,0e2558fe-2d09-4821-a873-28bccafda132,Domain/Project
494,494,494,5012e6f5-73bf-d3e8-af04-d0ea0c3a1246,Domain/Project
495,495,495,5012ea08-929e-da6f-27aa-7f53d4b18cb8,Domain/Project
496,496,496,5012f7f5-d365-604a-c8fd-3d3209bcd4b4,Domain/Project
497,497,497,5012c891-8e55-d28c-dcc8-4895364e0206,Domain/Project
498,498,498,50121ebb-9a31-671e-2b94-a1fd8b6b4dda,Domain/Project
499,499,499,50124871-c322-95ba-744f-ff0e7d247e4d,Domain/Project
500,500,500,501205d1-f54c-665f-b7c1-049ff3afa5d6,Domain/Project
501,501,501,50123b70-b513-1c85-ce76-2a0b7296a385,Domain/Project
502,502,502,d150f54b-8145-4f18-a43c-ec646b0ff5da,Domain/Project
503,503,503,5012e82b-28c2-8146-56d0-e55608e26a03,Domain/Project
504,504,504,a9074fd8-fe19-4e97-bf65-566dd6decf73,Domain/Project
505,505,505,50123bae-8a70-f689-a5af-c41bd1e6d7e0,Domain/Project
506,506,506,dbeda04f-514b-4298-a299-b94b79ea37a3,Domain/Project
507,507,507,87b8006d-89ec-49ee-977e-4b4578985665,Domain/Project
508,508,508,501235dc-5572-d859-030f-fcbcc2e4fde5,Domain/Project
509,509,509,50129821-ed9c-73d2-7e52-36e57be3f253,Domain/Project
510,510,510,5012dda9-0c6d-a5e4-d34f-0d52982caafd,Domain/Project
511,511,511,501241ca-ab60-1dda-4e2f-a9415197a5fe,Domain/Project
512,512,512,50126208-eee9-b648-212b-6718a905eab7,Domain/Project
513,513,513,deab58c7-f2fd-43ae-84cf-18eabc58ec32,Domain/Project
514,514,514,50121d73-13b6-6f7f-f32e-55757a8d5eea,Domain/Project
515,515,515,5012e269-e489-63e7-737d-7eb8ebfe71b4,Domain/Project
516,516,516,f76390b6-40b5-4954-a718-82530b85dcaa,Domain/Project
517,517,517,50123515-1542-78ac-efa6-0adf016c5c0d,Domain/Project
518,518,518,5012c79e-b1d3-5be8-a46e-dd57bcfebfca,Domain/Project
519,519,519,50120bfd-0928-31a3-f7e0-507f8754f259,Domain/Project
520,520,520,50121016-9227-afef-a6e1-5a48a221878a,Domain/Project
521,521,521,501274bf-14f6-edc8-4bd8-8c7d79ff74a2,Domain/Project
522,522,522,52a4246d-b9b1-b2d7-45cc-07c614a8c15e,Domain/Project
523,523,523,501283fc-2147-e7fc-1187-162c4780fa10,Domain/Project
524,524,524,525b7e62-49c0-d772-9574-d6fc54834631,Domain/Project
525,525,525,5012ca29-7e1d-4f0c-6e25-88014436df05,Domain/Project
526,526,526,50123f60-b5e1-205c-548f-09a99c53ceb3,Domain/Project
527,527,527,52aaa57f-c393-7eed-7444-94463268c6be,Domain/Project
